Line,Comment
1,"This line is so atrocious, it just made Stack Overflow crash out of shame."
2,I've seen ransom notes written with more coherence than this code.
3,"Did you copy this from an ancient manuscript? Because it belongs in a museum, not production."
4,"If this code were a book, it would be titled 'How Not to Program: Volume Infinite.'"
5,The only thing this function is optimized for is maximum confusion.
6,I’ve seen cats walking on keyboards produce more elegant syntax than this.
7,This variable name is so bad it made a thesaurus go extinct trying to find alternatives.
8,"I didn’t know it was possible to offend a compiler, but you’ve managed it here."
9,"This code is so outdated, it probably votes by telegram."
10,I tried to debug this and ended up debugging my own existence instead.
11,"The logic here is so backwards, it’s moonwalking out of reality."
12,You’ve successfully turned a simple task into a black hole of technical debt.
13,Every line of this code adds 10 years to the next developer’s therapy bill.
14,"The error handling here is so nonchalant, it could work part-time as a yoga instructor."
15,This function is the coding equivalent of setting yourself on fire to keep warm.
16,Looking at this code is like watching a car crash—horrifying but impossible to look away from.
17,"This loop is so infinite, even time itself has given up."
18,"Your indentation is so chaotic, it belongs in a modern art museum."
19,"If bad code were a crime, this would be a life sentence."
20,"Congratulations, you’ve invented the world’s first self-sabotaging algorithm."
21,"This line is so atrocious, it just made Stack Overflow crash out of shame."
22,I've seen ransom notes written with more coherence than this code.
23,"Did you copy this from an ancient manuscript? Because it belongs in a museum, not production."
24,"If this code were a book, it would be titled 'How Not to Program: Volume Infinite.'"
25,The only thing this function is optimized for is maximum confusion.
26,I’ve seen cats walking on keyboards produce more elegant syntax than this.
27,This variable name is so bad it made a thesaurus go extinct trying to find alternatives.
28,"I didn’t know it was possible to offend a compiler, but you’ve managed it here."
29,"This code is so outdated, it probably votes by telegram."
30,I tried to debug this and ended up debugging my own existence instead.
31,"The logic here is so backwards, it’s moonwalking out of reality."
32,You’ve successfully turned a simple task into a black hole of technical debt.
33,Every line of this code adds 10 years to the next developer’s therapy bill.
34,"The error handling here is so nonchalant, it could work part-time as a yoga instructor."
35,This function is the coding equivalent of setting yourself on fire to keep warm.
36,Looking at this code is like watching a car crash—horrifying but impossible to look away from.
37,"This loop is so infinite, even time itself has given up."
38,"Your indentation is so chaotic, it belongs in a modern art museum."
39,"If bad code were a crime, this would be a life sentence."
40,"Congratulations, you’ve invented the world’s first self-sabotaging algorithm."
41,"This line is so atrocious, it just made Stack Overflow crash out of shame."
42,I've seen ransom notes written with more coherence than this code.
43,"Did you copy this from an ancient manuscript? Because it belongs in a museum, not production."
44,"If this code were a book, it would be titled 'How Not to Program: Volume Infinite.'"
45,The only thing this function is optimized for is maximum confusion.
46,I’ve seen cats walking on keyboards produce more elegant syntax than this.
47,This variable name is so bad it made a thesaurus go extinct trying to find alternatives.
48,"I didn’t know it was possible to offend a compiler, but you’ve managed it here."
49,"This code is so outdated, it probably votes by telegram."
50,I tried to debug this and ended up debugging my own existence instead.
51,"The logic here is so backwards, it’s moonwalking out of reality."
52,You’ve successfully turned a simple task into a black hole of technical debt.
53,Every line of this code adds 10 years to the next developer’s therapy bill.
54,"The error handling here is so nonchalant, it could work part-time as a yoga instructor."
55,This function is the coding equivalent of setting yourself on fire to keep warm.
56,Looking at this code is like watching a car crash—horrifying but impossible to look away from.
57,"This loop is so infinite, even time itself has given up."
58,"Your indentation is so chaotic, it belongs in a modern art museum."
59,"If bad code were a crime, this would be a life sentence."
60,"Congratulations, you’ve invented the world’s first self-sabotaging algorithm."
61,"This line is so atrocious, it just made Stack Overflow crash out of shame."
62,I've seen ransom notes written with more coherence than this code.
63,"Did you copy this from an ancient manuscript? Because it belongs in a museum, not production."
64,"If this code were a book, it would be titled 'How Not to Program: Volume Infinite.'"
65,The only thing this function is optimized for is maximum confusion.
66,I’ve seen cats walking on keyboards produce more elegant syntax than this.
67,This variable name is so bad it made a thesaurus go extinct trying to find alternatives.
68,"I didn’t know it was possible to offend a compiler, but you’ve managed it here."
69,"This code is so outdated, it probably votes by telegram."
70,I tried to debug this and ended up debugging my own existence instead.
71,"The logic here is so backwards, it’s moonwalking out of reality."
72,You’ve successfully turned a simple task into a black hole of technical debt.
73,Every line of this code adds 10 years to the next developer’s therapy bill.
74,"The error handling here is so nonchalant, it could work part-time as a yoga instructor."
75,This function is the coding equivalent of setting yourself on fire to keep warm.
76,Looking at this code is like watching a car crash—horrifying but impossible to look away from.
77,"This loop is so infinite, even time itself has given up."
78,"Your indentation is so chaotic, it belongs in a modern art museum."
79,"If bad code were a crime, this would be a life sentence."
80,"Congratulations, you’ve invented the world’s first self-sabotaging algorithm."
81,"This line is so atrocious, it just made Stack Overflow crash out of shame."
82,I've seen ransom notes written with more coherence than this code.
83,"Did you copy this from an ancient manuscript? Because it belongs in a museum, not production."
84,"If this code were a book, it would be titled 'How Not to Program: Volume Infinite.'"
85,The only thing this function is optimized for is maximum confusion.
86,I’ve seen cats walking on keyboards produce more elegant syntax than this.
87,This variable name is so bad it made a thesaurus go extinct trying to find alternatives.
88,"I didn’t know it was possible to offend a compiler, but you’ve managed it here."
89,"This code is so outdated, it probably votes by telegram."
90,I tried to debug this and ended up debugging my own existence instead.
91,"The logic here is so backwards, it’s moonwalking out of reality."
92,You’ve successfully turned a simple task into a black hole of technical debt.
93,Every line of this code adds 10 years to the next developer’s therapy bill.
94,"The error handling here is so nonchalant, it could work part-time as a yoga instructor."
95,This function is the coding equivalent of setting yourself on fire to keep warm.
96,Looking at this code is like watching a car crash—horrifying but impossible to look away from.
97,"This loop is so infinite, even time itself has given up."
98,"Your indentation is so chaotic, it belongs in a modern art museum."
99,"If bad code were a crime, this would be a life sentence."
100,"Congratulations, you’ve invented the world’s first self-sabotaging algorithm."
101,"This line is so atrocious, it just made Stack Overflow crash out of shame."
102,I've seen ransom notes written with more coherence than this code.
103,"Did you copy this from an ancient manuscript? Because it belongs in a museum, not production."
104,"If this code were a book, it would be titled 'How Not to Program: Volume Infinite.'"
105,The only thing this function is optimized for is maximum confusion.
106,I’ve seen cats walking on keyboards produce more elegant syntax than this.
107,This variable name is so bad it made a thesaurus go extinct trying to find alternatives.
108,"I didn’t know it was possible to offend a compiler, but you’ve managed it here."
109,"This code is so outdated, it probably votes by telegram."
110,I tried to debug this and ended up debugging my own existence instead.
111,"The logic here is so backwards, it’s moonwalking out of reality."
112,You’ve successfully turned a simple task into a black hole of technical debt.
113,Every line of this code adds 10 years to the next developer’s therapy bill.
114,"The error handling here is so nonchalant, it could work part-time as a yoga instructor."
115,This function is the coding equivalent of setting yourself on fire to keep warm.
116,Looking at this code is like watching a car crash—horrifying but impossible to look away from.
117,"This loop is so infinite, even time itself has given up."
118,"Your indentation is so chaotic, it belongs in a modern art museum."
119,"If bad code were a crime, this would be a life sentence."
120,"Congratulations, you’ve invented the world’s first self-sabotaging algorithm."
121,"This line is so atrocious, it just made Stack Overflow crash out of shame."
122,I've seen ransom notes written with more coherence than this code.
123,"Did you copy this from an ancient manuscript? Because it belongs in a museum, not production."
124,"If this code were a book, it would be titled 'How Not to Program: Volume Infinite.'"
125,The only thing this function is optimized for is maximum confusion.
126,I’ve seen cats walking on keyboards produce more elegant syntax than this.
127,This variable name is so bad it made a thesaurus go extinct trying to find alternatives.
128,"I didn’t know it was possible to offend a compiler, but you’ve managed it here."
129,"This code is so outdated, it probably votes by telegram."
130,I tried to debug this and ended up debugging my own existence instead.
131,"The logic here is so backwards, it’s moonwalking out of reality."
132,You’ve successfully turned a simple task into a black hole of technical debt.
133,Every line of this code adds 10 years to the next developer’s therapy bill.
134,"The error handling here is so nonchalant, it could work part-time as a yoga instructor."
135,This function is the coding equivalent of setting yourself on fire to keep warm.
136,Looking at this code is like watching a car crash—horrifying but impossible to look away from.
137,"This loop is so infinite, even time itself has given up."
138,"Your indentation is so chaotic, it belongs in a modern art museum."
139,"If bad code were a crime, this would be a life sentence."
140,"Congratulations, you’ve invented the world’s first self-sabotaging algorithm."
141,"This line is so atrocious, it just made Stack Overflow crash out of shame."
142,I've seen ransom notes written with more coherence than this code.
143,"Did you copy this from an ancient manuscript? Because it belongs in a museum, not production."
144,"If this code were a book, it would be titled 'How Not to Program: Volume Infinite.'"
145,The only thing this function is optimized for is maximum confusion.
146,I’ve seen cats walking on keyboards produce more elegant syntax than this.
147,This variable name is so bad it made a thesaurus go extinct trying to find alternatives.
148,"I didn’t know it was possible to offend a compiler, but you’ve managed it here."
149,"This code is so outdated, it probably votes by telegram."
150,I tried to debug this and ended up debugging my own existence instead.
151,"The logic here is so backwards, it’s moonwalking out of reality."
152,You’ve successfully turned a simple task into a black hole of technical debt.
153,Every line of this code adds 10 years to the next developer’s therapy bill.
154,"The error handling here is so nonchalant, it could work part-time as a yoga instructor."
155,This function is the coding equivalent of setting yourself on fire to keep warm.
156,Looking at this code is like watching a car crash—horrifying but impossible to look away from.
157,"This loop is so infinite, even time itself has given up."
158,"Your indentation is so chaotic, it belongs in a modern art museum."
159,"If bad code were a crime, this would be a life sentence."
160,"Congratulations, you’ve invented the world’s first self-sabotaging algorithm."
161,"This line is so atrocious, it just made Stack Overflow crash out of shame."
162,I've seen ransom notes written with more coherence than this code.
163,"Did you copy this from an ancient manuscript? Because it belongs in a museum, not production."
164,"If this code were a book, it would be titled 'How Not to Program: Volume Infinite.'"
165,The only thing this function is optimized for is maximum confusion.
166,I’ve seen cats walking on keyboards produce more elegant syntax than this.
167,This variable name is so bad it made a thesaurus go extinct trying to find alternatives.
168,"I didn’t know it was possible to offend a compiler, but you’ve managed it here."
169,"This code is so outdated, it probably votes by telegram."
170,I tried to debug this and ended up debugging my own existence instead.
171,"The logic here is so backwards, it’s moonwalking out of reality."
172,You’ve successfully turned a simple task into a black hole of technical debt.
173,Every line of this code adds 10 years to the next developer’s therapy bill.
174,"The error handling here is so nonchalant, it could work part-time as a yoga instructor."
175,This function is the coding equivalent of setting yourself on fire to keep warm.
176,Looking at this code is like watching a car crash—horrifying but impossible to look away from.
177,"This loop is so infinite, even time itself has given up."
178,"Your indentation is so chaotic, it belongs in a modern art museum."
179,"If bad code were a crime, this would be a life sentence."
180,"Congratulations, you’ve invented the world’s first self-sabotaging algorithm."
181,"This line is so atrocious, it just made Stack Overflow crash out of shame."
182,I've seen ransom notes written with more coherence than this code.
183,"Did you copy this from an ancient manuscript? Because it belongs in a museum, not production."
184,"If this code were a book, it would be titled 'How Not to Program: Volume Infinite.'"
185,The only thing this function is optimized for is maximum confusion.
186,I’ve seen cats walking on keyboards produce more elegant syntax than this.
187,This variable name is so bad it made a thesaurus go extinct trying to find alternatives.
188,"I didn’t know it was possible to offend a compiler, but you’ve managed it here."
189,"This code is so outdated, it probably votes by telegram."
190,I tried to debug this and ended up debugging my own existence instead.
191,"The logic here is so backwards, it’s moonwalking out of reality."
192,You’ve successfully turned a simple task into a black hole of technical debt.
193,Every line of this code adds 10 years to the next developer’s therapy bill.
194,"The error handling here is so nonchalant, it could work part-time as a yoga instructor."
195,This function is the coding equivalent of setting yourself on fire to keep warm.
196,Looking at this code is like watching a car crash—horrifying but impossible to look away from.
197,"This loop is so infinite, even time itself has given up."
198,"Your indentation is so chaotic, it belongs in a modern art museum."
199,"If bad code were a crime, this would be a life sentence."
200,"Congratulations, you’ve invented the world’s first self-sabotaging algorithm."
201,"This line is so atrocious, it just made Stack Overflow crash out of shame."
202,I've seen ransom notes written with more coherence than this code.
203,"Did you copy this from an ancient manuscript? Because it belongs in a museum, not production."
204,"If this code were a book, it would be titled 'How Not to Program: Volume Infinite.'"
205,The only thing this function is optimized for is maximum confusion.
206,I’ve seen cats walking on keyboards produce more elegant syntax than this.
207,This variable name is so bad it made a thesaurus go extinct trying to find alternatives.
208,"I didn’t know it was possible to offend a compiler, but you’ve managed it here."
209,"This code is so outdated, it probably votes by telegram."
210,I tried to debug this and ended up debugging my own existence instead.
211,"The logic here is so backwards, it’s moonwalking out of reality."
212,You’ve successfully turned a simple task into a black hole of technical debt.
213,Every line of this code adds 10 years to the next developer’s therapy bill.
214,"The error handling here is so nonchalant, it could work part-time as a yoga instructor."
215,This function is the coding equivalent of setting yourself on fire to keep warm.
216,Looking at this code is like watching a car crash—horrifying but impossible to look away from.
217,"This loop is so infinite, even time itself has given up."
218,"Your indentation is so chaotic, it belongs in a modern art museum."
219,"If bad code were a crime, this would be a life sentence."
220,"Congratulations, you’ve invented the world’s first self-sabotaging algorithm."
221,"This line is so atrocious, it just made Stack Overflow crash out of shame."
222,I've seen ransom notes written with more coherence than this code.
223,"Did you copy this from an ancient manuscript? Because it belongs in a museum, not production."
224,"If this code were a book, it would be titled 'How Not to Program: Volume Infinite.'"
225,The only thing this function is optimized for is maximum confusion.
226,I’ve seen cats walking on keyboards produce more elegant syntax than this.
227,This variable name is so bad it made a thesaurus go extinct trying to find alternatives.
228,"I didn’t know it was possible to offend a compiler, but you’ve managed it here."
229,"This code is so outdated, it probably votes by telegram."
230,I tried to debug this and ended up debugging my own existence instead.
231,"The logic here is so backwards, it’s moonwalking out of reality."
232,You’ve successfully turned a simple task into a black hole of technical debt.
233,Every line of this code adds 10 years to the next developer’s therapy bill.
234,"The error handling here is so nonchalant, it could work part-time as a yoga instructor."
235,This function is the coding equivalent of setting yourself on fire to keep warm.
236,Looking at this code is like watching a car crash—horrifying but impossible to look away from.
237,"This loop is so infinite, even time itself has given up."
238,"Your indentation is so chaotic, it belongs in a modern art museum."
239,"If bad code were a crime, this would be a life sentence."
240,"Congratulations, you’ve invented the world’s first self-sabotaging algorithm."
241,"This line is so atrocious, it just made Stack Overflow crash out of shame."
242,I've seen ransom notes written with more coherence than this code.
243,"Did you copy this from an ancient manuscript? Because it belongs in a museum, not production."
244,"If this code were a book, it would be titled 'How Not to Program: Volume Infinite.'"
245,The only thing this function is optimized for is maximum confusion.
246,I’ve seen cats walking on keyboards produce more elegant syntax than this.
247,This variable name is so bad it made a thesaurus go extinct trying to find alternatives.
248,"I didn’t know it was possible to offend a compiler, but you’ve managed it here."
249,"This code is so outdated, it probably votes by telegram."
250,I tried to debug this and ended up debugging my own existence instead.
251,"The logic here is so backwards, it’s moonwalking out of reality."
252,You’ve successfully turned a simple task into a black hole of technical debt.
253,Every line of this code adds 10 years to the next developer’s therapy bill.
254,"The error handling here is so nonchalant, it could work part-time as a yoga instructor."
255,This function is the coding equivalent of setting yourself on fire to keep warm.
256,Looking at this code is like watching a car crash—horrifying but impossible to look away from.
257,"This loop is so infinite, even time itself has given up."
258,"Your indentation is so chaotic, it belongs in a modern art museum."
259,"If bad code were a crime, this would be a life sentence."
260,"Congratulations, you’ve invented the world’s first self-sabotaging algorithm."
261,"This line is so atrocious, it just made Stack Overflow crash out of shame."
262,I've seen ransom notes written with more coherence than this code.
263,"Did you copy this from an ancient manuscript? Because it belongs in a museum, not production."
264,"If this code were a book, it would be titled 'How Not to Program: Volume Infinite.'"
265,The only thing this function is optimized for is maximum confusion.
266,I’ve seen cats walking on keyboards produce more elegant syntax than this.
267,This variable name is so bad it made a thesaurus go extinct trying to find alternatives.
268,"I didn’t know it was possible to offend a compiler, but you’ve managed it here."
269,"This code is so outdated, it probably votes by telegram."
270,I tried to debug this and ended up debugging my own existence instead.
271,"The logic here is so backwards, it’s moonwalking out of reality."
272,You’ve successfully turned a simple task into a black hole of technical debt.
273,Every line of this code adds 10 years to the next developer’s therapy bill.
274,"The error handling here is so nonchalant, it could work part-time as a yoga instructor."
275,This function is the coding equivalent of setting yourself on fire to keep warm.
276,Looking at this code is like watching a car crash—horrifying but impossible to look away from.
277,"This loop is so infinite, even time itself has given up."
278,"Your indentation is so chaotic, it belongs in a modern art museum."
279,"If bad code were a crime, this would be a life sentence."
280,"Congratulations, you’ve invented the world’s first self-sabotaging algorithm."
281,"This line is so atrocious, it just made Stack Overflow crash out of shame."
282,I've seen ransom notes written with more coherence than this code.
283,"Did you copy this from an ancient manuscript? Because it belongs in a museum, not production."
284,"If this code were a book, it would be titled 'How Not to Program: Volume Infinite.'"
285,The only thing this function is optimized for is maximum confusion.
286,I’ve seen cats walking on keyboards produce more elegant syntax than this.
287,This variable name is so bad it made a thesaurus go extinct trying to find alternatives.
288,"I didn’t know it was possible to offend a compiler, but you’ve managed it here."
289,"This code is so outdated, it probably votes by telegram."
290,I tried to debug this and ended up debugging my own existence instead.
291,"The logic here is so backwards, it’s moonwalking out of reality."
292,You’ve successfully turned a simple task into a black hole of technical debt.
293,Every line of this code adds 10 years to the next developer’s therapy bill.
294,"The error handling here is so nonchalant, it could work part-time as a yoga instructor."
295,This function is the coding equivalent of setting yourself on fire to keep warm.
296,Looking at this code is like watching a car crash—horrifying but impossible to look away from.
297,"This loop is so infinite, even time itself has given up."
298,"Your indentation is so chaotic, it belongs in a modern art museum."
299,"If bad code were a crime, this would be a life sentence."
300,"Congratulations, you’ve invented the world’s first self-sabotaging algorithm."
301,"This line is so atrocious, it just made Stack Overflow crash out of shame."
302,I've seen ransom notes written with more coherence than this code.
303,"Did you copy this from an ancient manuscript? Because it belongs in a museum, not production."
304,"If this code were a book, it would be titled 'How Not to Program: Volume Infinite.'"
305,The only thing this function is optimized for is maximum confusion.
306,I’ve seen cats walking on keyboards produce more elegant syntax than this.
307,This variable name is so bad it made a thesaurus go extinct trying to find alternatives.
308,"I didn’t know it was possible to offend a compiler, but you’ve managed it here."
309,"This code is so outdated, it probably votes by telegram."
310,I tried to debug this and ended up debugging my own existence instead.
311,"The logic here is so backwards, it’s moonwalking out of reality."
312,You’ve successfully turned a simple task into a black hole of technical debt.
313,Every line of this code adds 10 years to the next developer’s therapy bill.
314,"The error handling here is so nonchalant, it could work part-time as a yoga instructor."
315,This function is the coding equivalent of setting yourself on fire to keep warm.
316,Looking at this code is like watching a car crash—horrifying but impossible to look away from.
317,"This loop is so infinite, even time itself has given up."
318,"Your indentation is so chaotic, it belongs in a modern art museum."
319,"If bad code were a crime, this would be a life sentence."
320,"Congratulations, you’ve invented the world’s first self-sabotaging algorithm."
321,"This line is so atrocious, it just made Stack Overflow crash out of shame."
322,I've seen ransom notes written with more coherence than this code.
323,"Did you copy this from an ancient manuscript? Because it belongs in a museum, not production."
324,"If this code were a book, it would be titled 'How Not to Program: Volume Infinite.'"
325,The only thing this function is optimized for is maximum confusion.
326,I’ve seen cats walking on keyboards produce more elegant syntax than this.
327,This variable name is so bad it made a thesaurus go extinct trying to find alternatives.
328,"I didn’t know it was possible to offend a compiler, but you’ve managed it here."
329,"This code is so outdated, it probably votes by telegram."
330,I tried to debug this and ended up debugging my own existence instead.
331,"The logic here is so backwards, it’s moonwalking out of reality."
332,You’ve successfully turned a simple task into a black hole of technical debt.
333,Every line of this code adds 10 years to the next developer’s therapy bill.
334,"The error handling here is so nonchalant, it could work part-time as a yoga instructor."
335,This function is the coding equivalent of setting yourself on fire to keep warm.
336,Looking at this code is like watching a car crash—horrifying but impossible to look away from.
337,"This loop is so infinite, even time itself has given up."
338,"Your indentation is so chaotic, it belongs in a modern art museum."
339,"If bad code were a crime, this would be a life sentence."
340,"Congratulations, you’ve invented the world’s first self-sabotaging algorithm."
341,"This line is so atrocious, it just made Stack Overflow crash out of shame."
342,I've seen ransom notes written with more coherence than this code.
343,"Did you copy this from an ancient manuscript? Because it belongs in a museum, not production."
344,"If this code were a book, it would be titled 'How Not to Program: Volume Infinite.'"
345,The only thing this function is optimized for is maximum confusion.
346,I’ve seen cats walking on keyboards produce more elegant syntax than this.
347,This variable name is so bad it made a thesaurus go extinct trying to find alternatives.
348,"I didn’t know it was possible to offend a compiler, but you’ve managed it here."
349,"This code is so outdated, it probably votes by telegram."
350,I tried to debug this and ended up debugging my own existence instead.
351,"The logic here is so backwards, it’s moonwalking out of reality."
352,You’ve successfully turned a simple task into a black hole of technical debt.
353,Every line of this code adds 10 years to the next developer’s therapy bill.
354,"The error handling here is so nonchalant, it could work part-time as a yoga instructor."
355,This function is the coding equivalent of setting yourself on fire to keep warm.
356,Looking at this code is like watching a car crash—horrifying but impossible to look away from.
357,"This loop is so infinite, even time itself has given up."
358,"Your indentation is so chaotic, it belongs in a modern art museum."
359,"If bad code were a crime, this would be a life sentence."
360,"Congratulations, you’ve invented the world’s first self-sabotaging algorithm."
361,"This line is so atrocious, it just made Stack Overflow crash out of shame."
362,I've seen ransom notes written with more coherence than this code.
363,"Did you copy this from an ancient manuscript? Because it belongs in a museum, not production."
364,"If this code were a book, it would be titled 'How Not to Program: Volume Infinite.'"
365,The only thing this function is optimized for is maximum confusion.
366,I’ve seen cats walking on keyboards produce more elegant syntax than this.
367,This variable name is so bad it made a thesaurus go extinct trying to find alternatives.
368,"I didn’t know it was possible to offend a compiler, but you’ve managed it here."
369,"This code is so outdated, it probably votes by telegram."
370,I tried to debug this and ended up debugging my own existence instead.
371,"The logic here is so backwards, it’s moonwalking out of reality."
372,You’ve successfully turned a simple task into a black hole of technical debt.
373,Every line of this code adds 10 years to the next developer’s therapy bill.
374,"The error handling here is so nonchalant, it could work part-time as a yoga instructor."
375,This function is the coding equivalent of setting yourself on fire to keep warm.
376,Looking at this code is like watching a car crash—horrifying but impossible to look away from.
377,"This loop is so infinite, even time itself has given up."
378,"Your indentation is so chaotic, it belongs in a modern art museum."
379,"If bad code were a crime, this would be a life sentence."
380,"Congratulations, you’ve invented the world’s first self-sabotaging algorithm."
381,"This line is so atrocious, it just made Stack Overflow crash out of shame."
382,I've seen ransom notes written with more coherence than this code.
383,"Did you copy this from an ancient manuscript? Because it belongs in a museum, not production."
384,"If this code were a book, it would be titled 'How Not to Program: Volume Infinite.'"
385,The only thing this function is optimized for is maximum confusion.
386,I’ve seen cats walking on keyboards produce more elegant syntax than this.
387,This variable name is so bad it made a thesaurus go extinct trying to find alternatives.
388,"I didn’t know it was possible to offend a compiler, but you’ve managed it here."
389,"This code is so outdated, it probably votes by telegram."
390,I tried to debug this and ended up debugging my own existence instead.
391,"The logic here is so backwards, it’s moonwalking out of reality."
392,You’ve successfully turned a simple task into a black hole of technical debt.
393,Every line of this code adds 10 years to the next developer’s therapy bill.
394,"The error handling here is so nonchalant, it could work part-time as a yoga instructor."
395,This function is the coding equivalent of setting yourself on fire to keep warm.
396,Looking at this code is like watching a car crash—horrifying but impossible to look away from.
397,"This loop is so infinite, even time itself has given up."
398,"Your indentation is so chaotic, it belongs in a modern art museum."
399,"If bad code were a crime, this would be a life sentence."
400,"Congratulations, you’ve invented the world’s first self-sabotaging algorithm."
401,"This line is so atrocious, it just made Stack Overflow crash out of shame."
402,I've seen ransom notes written with more coherence than this code.
403,"Did you copy this from an ancient manuscript? Because it belongs in a museum, not production."
404,"If this code were a book, it would be titled 'How Not to Program: Volume Infinite.'"
405,The only thing this function is optimized for is maximum confusion.
406,I’ve seen cats walking on keyboards produce more elegant syntax than this.
407,This variable name is so bad it made a thesaurus go extinct trying to find alternatives.
408,"I didn’t know it was possible to offend a compiler, but you’ve managed it here."
409,"This code is so outdated, it probably votes by telegram."
410,I tried to debug this and ended up debugging my own existence instead.
411,"The logic here is so backwards, it’s moonwalking out of reality."
412,You’ve successfully turned a simple task into a black hole of technical debt.
413,Every line of this code adds 10 years to the next developer’s therapy bill.
414,"The error handling here is so nonchalant, it could work part-time as a yoga instructor."
415,This function is the coding equivalent of setting yourself on fire to keep warm.
416,Looking at this code is like watching a car crash—horrifying but impossible to look away from.
417,"This loop is so infinite, even time itself has given up."
418,"Your indentation is so chaotic, it belongs in a modern art museum."
419,"If bad code were a crime, this would be a life sentence."
420,"Congratulations, you’ve invented the world’s first self-sabotaging algorithm."
421,"This line is so atrocious, it just made Stack Overflow crash out of shame."
422,I've seen ransom notes written with more coherence than this code.
423,"Did you copy this from an ancient manuscript? Because it belongs in a museum, not production."
424,"If this code were a book, it would be titled 'How Not to Program: Volume Infinite.'"
425,The only thing this function is optimized for is maximum confusion.
426,I’ve seen cats walking on keyboards produce more elegant syntax than this.
427,This variable name is so bad it made a thesaurus go extinct trying to find alternatives.
428,"I didn’t know it was possible to offend a compiler, but you’ve managed it here."
429,"This code is so outdated, it probably votes by telegram."
430,I tried to debug this and ended up debugging my own existence instead.
431,"The logic here is so backwards, it’s moonwalking out of reality."
432,You’ve successfully turned a simple task into a black hole of technical debt.
433,Every line of this code adds 10 years to the next developer’s therapy bill.
434,"The error handling here is so nonchalant, it could work part-time as a yoga instructor."
435,This function is the coding equivalent of setting yourself on fire to keep warm.
436,Looking at this code is like watching a car crash—horrifying but impossible to look away from.
437,"This loop is so infinite, even time itself has given up."
438,"Your indentation is so chaotic, it belongs in a modern art museum."
439,"If bad code were a crime, this would be a life sentence."
440,"Congratulations, you’ve invented the world’s first self-sabotaging algorithm."
441,"This line is so atrocious, it just made Stack Overflow crash out of shame."
442,I've seen ransom notes written with more coherence than this code.
443,"Did you copy this from an ancient manuscript? Because it belongs in a museum, not production."
444,"If this code were a book, it would be titled 'How Not to Program: Volume Infinite.'"
445,The only thing this function is optimized for is maximum confusion.
446,I’ve seen cats walking on keyboards produce more elegant syntax than this.
447,This variable name is so bad it made a thesaurus go extinct trying to find alternatives.
448,"I didn’t know it was possible to offend a compiler, but you’ve managed it here."
449,"This code is so outdated, it probably votes by telegram."
450,I tried to debug this and ended up debugging my own existence instead.
451,"The logic here is so backwards, it’s moonwalking out of reality."
452,You’ve successfully turned a simple task into a black hole of technical debt.
453,Every line of this code adds 10 years to the next developer’s therapy bill.
454,"The error handling here is so nonchalant, it could work part-time as a yoga instructor."
455,This function is the coding equivalent of setting yourself on fire to keep warm.
456,Looking at this code is like watching a car crash—horrifying but impossible to look away from.
457,"This loop is so infinite, even time itself has given up."
458,"Your indentation is so chaotic, it belongs in a modern art museum."
459,"If bad code were a crime, this would be a life sentence."
460,"Congratulations, you’ve invented the world’s first self-sabotaging algorithm."
461,"This line is so atrocious, it just made Stack Overflow crash out of shame."
462,I've seen ransom notes written with more coherence than this code.
463,"Did you copy this from an ancient manuscript? Because it belongs in a museum, not production."
464,"If this code were a book, it would be titled 'How Not to Program: Volume Infinite.'"
465,The only thing this function is optimized for is maximum confusion.
466,I’ve seen cats walking on keyboards produce more elegant syntax than this.
467,This variable name is so bad it made a thesaurus go extinct trying to find alternatives.
468,"I didn’t know it was possible to offend a compiler, but you’ve managed it here."
469,"This code is so outdated, it probably votes by telegram."
470,I tried to debug this and ended up debugging my own existence instead.
471,"The logic here is so backwards, it’s moonwalking out of reality."
472,You’ve successfully turned a simple task into a black hole of technical debt.
473,Every line of this code adds 10 years to the next developer’s therapy bill.
474,"The error handling here is so nonchalant, it could work part-time as a yoga instructor."
475,This function is the coding equivalent of setting yourself on fire to keep warm.
476,Looking at this code is like watching a car crash—horrifying but impossible to look away from.
477,"This loop is so infinite, even time itself has given up."
478,"Your indentation is so chaotic, it belongs in a modern art museum."
479,"If bad code were a crime, this would be a life sentence."
480,"Congratulations, you’ve invented the world’s first self-sabotaging algorithm."
481,"This line is so atrocious, it just made Stack Overflow crash out of shame."
482,I've seen ransom notes written with more coherence than this code.
483,"Did you copy this from an ancient manuscript? Because it belongs in a museum, not production."
484,"If this code were a book, it would be titled 'How Not to Program: Volume Infinite.'"
485,The only thing this function is optimized for is maximum confusion.
486,I’ve seen cats walking on keyboards produce more elegant syntax than this.
487,This variable name is so bad it made a thesaurus go extinct trying to find alternatives.
488,"I didn’t know it was possible to offend a compiler, but you’ve managed it here."
489,"This code is so outdated, it probably votes by telegram."
490,I tried to debug this and ended up debugging my own existence instead.
491,"The logic here is so backwards, it’s moonwalking out of reality."
492,You’ve successfully turned a simple task into a black hole of technical debt.
493,Every line of this code adds 10 years to the next developer’s therapy bill.
494,"The error handling here is so nonchalant, it could work part-time as a yoga instructor."
495,This function is the coding equivalent of setting yourself on fire to keep warm.
496,Looking at this code is like watching a car crash—horrifying but impossible to look away from.
497,"This loop is so infinite, even time itself has given up."
498,"Your indentation is so chaotic, it belongs in a modern art museum."
499,"If bad code were a crime, this would be a life sentence."
500,"Congratulations, you’ve invented the world’s first self-sabotaging algorithm."
501,"This line is so atrocious, it just made Stack Overflow crash out of shame."
502,I've seen ransom notes written with more coherence than this code.
503,"Did you copy this from an ancient manuscript? Because it belongs in a museum, not production."
504,"If this code were a book, it would be titled 'How Not to Program: Volume Infinite.'"
505,The only thing this function is optimized for is maximum confusion.
506,I’ve seen cats walking on keyboards produce more elegant syntax than this.
507,This variable name is so bad it made a thesaurus go extinct trying to find alternatives.
508,"I didn’t know it was possible to offend a compiler, but you’ve managed it here."
509,"This code is so outdated, it probably votes by telegram."
510,I tried to debug this and ended up debugging my own existence instead.
511,"The logic here is so backwards, it’s moonwalking out of reality."
512,You’ve successfully turned a simple task into a black hole of technical debt.
513,Every line of this code adds 10 years to the next developer’s therapy bill.
514,"The error handling here is so nonchalant, it could work part-time as a yoga instructor."
515,This function is the coding equivalent of setting yourself on fire to keep warm.
516,Looking at this code is like watching a car crash—horrifying but impossible to look away from.
517,"This loop is so infinite, even time itself has given up."
518,"Your indentation is so chaotic, it belongs in a modern art museum."
519,"If bad code were a crime, this would be a life sentence."
520,"Congratulations, you’ve invented the world’s first self-sabotaging algorithm."
521,"This line is so atrocious, it just made Stack Overflow crash out of shame."
522,I've seen ransom notes written with more coherence than this code.
523,"Did you copy this from an ancient manuscript? Because it belongs in a museum, not production."
524,"If this code were a book, it would be titled 'How Not to Program: Volume Infinite.'"
525,The only thing this function is optimized for is maximum confusion.
526,I’ve seen cats walking on keyboards produce more elegant syntax than this.
527,This variable name is so bad it made a thesaurus go extinct trying to find alternatives.
528,"I didn’t know it was possible to offend a compiler, but you’ve managed it here."
529,"This code is so outdated, it probably votes by telegram."
530,I tried to debug this and ended up debugging my own existence instead.
531,"The logic here is so backwards, it’s moonwalking out of reality."
532,You’ve successfully turned a simple task into a black hole of technical debt.
533,Every line of this code adds 10 years to the next developer’s therapy bill.
534,"The error handling here is so nonchalant, it could work part-time as a yoga instructor."
535,This function is the coding equivalent of setting yourself on fire to keep warm.
536,Looking at this code is like watching a car crash—horrifying but impossible to look away from.
537,"This loop is so infinite, even time itself has given up."
538,"Your indentation is so chaotic, it belongs in a modern art museum."
539,"If bad code were a crime, this would be a life sentence."
540,"Congratulations, you’ve invented the world’s first self-sabotaging algorithm."
541,"This line is so atrocious, it just made Stack Overflow crash out of shame."
542,I've seen ransom notes written with more coherence than this code.
543,"Did you copy this from an ancient manuscript? Because it belongs in a museum, not production."
544,"If this code were a book, it would be titled 'How Not to Program: Volume Infinite.'"
545,The only thing this function is optimized for is maximum confusion.
546,I’ve seen cats walking on keyboards produce more elegant syntax than this.
547,This variable name is so bad it made a thesaurus go extinct trying to find alternatives.
548,"I didn’t know it was possible to offend a compiler, but you’ve managed it here."
549,"This code is so outdated, it probably votes by telegram."
550,I tried to debug this and ended up debugging my own existence instead.
551,"The logic here is so backwards, it’s moonwalking out of reality."
552,You’ve successfully turned a simple task into a black hole of technical debt.
553,Every line of this code adds 10 years to the next developer’s therapy bill.
554,"The error handling here is so nonchalant, it could work part-time as a yoga instructor."
555,This function is the coding equivalent of setting yourself on fire to keep warm.
556,Looking at this code is like watching a car crash—horrifying but impossible to look away from.
557,"This loop is so infinite, even time itself has given up."
558,"Your indentation is so chaotic, it belongs in a modern art museum."
559,"If bad code were a crime, this would be a life sentence."
560,"Congratulations, you’ve invented the world’s first self-sabotaging algorithm."
561,"This line is so atrocious, it just made Stack Overflow crash out of shame."
562,I've seen ransom notes written with more coherence than this code.
563,"Did you copy this from an ancient manuscript? Because it belongs in a museum, not production."
564,"If this code were a book, it would be titled 'How Not to Program: Volume Infinite.'"
565,The only thing this function is optimized for is maximum confusion.
566,I’ve seen cats walking on keyboards produce more elegant syntax than this.
567,This variable name is so bad it made a thesaurus go extinct trying to find alternatives.
568,"I didn’t know it was possible to offend a compiler, but you’ve managed it here."
569,"This code is so outdated, it probably votes by telegram."
570,I tried to debug this and ended up debugging my own existence instead.
571,"The logic here is so backwards, it’s moonwalking out of reality."
572,You’ve successfully turned a simple task into a black hole of technical debt.
573,Every line of this code adds 10 years to the next developer’s therapy bill.
574,"The error handling here is so nonchalant, it could work part-time as a yoga instructor."
575,This function is the coding equivalent of setting yourself on fire to keep warm.
576,Looking at this code is like watching a car crash—horrifying but impossible to look away from.
577,"This loop is so infinite, even time itself has given up."
578,"Your indentation is so chaotic, it belongs in a modern art museum."
579,"If bad code were a crime, this would be a life sentence."
580,"Congratulations, you’ve invented the world’s first self-sabotaging algorithm."
581,"This line is so atrocious, it just made Stack Overflow crash out of shame."
582,I've seen ransom notes written with more coherence than this code.
583,"Did you copy this from an ancient manuscript? Because it belongs in a museum, not production."
584,"If this code were a book, it would be titled 'How Not to Program: Volume Infinite.'"
585,The only thing this function is optimized for is maximum confusion.
586,I’ve seen cats walking on keyboards produce more elegant syntax than this.
587,This variable name is so bad it made a thesaurus go extinct trying to find alternatives.
588,"I didn’t know it was possible to offend a compiler, but you’ve managed it here."
589,"This code is so outdated, it probably votes by telegram."
590,I tried to debug this and ended up debugging my own existence instead.
591,"The logic here is so backwards, it’s moonwalking out of reality."
592,You’ve successfully turned a simple task into a black hole of technical debt.
593,Every line of this code adds 10 years to the next developer’s therapy bill.
594,"The error handling here is so nonchalant, it could work part-time as a yoga instructor."
595,This function is the coding equivalent of setting yourself on fire to keep warm.
596,Looking at this code is like watching a car crash—horrifying but impossible to look away from.
597,"This loop is so infinite, even time itself has given up."
598,"Your indentation is so chaotic, it belongs in a modern art museum."
599,"If bad code were a crime, this would be a life sentence."
600,"Congratulations, you’ve invented the world’s first self-sabotaging algorithm."
601,"This line is so atrocious, it just made Stack Overflow crash out of shame."
602,I've seen ransom notes written with more coherence than this code.
603,"Did you copy this from an ancient manuscript? Because it belongs in a museum, not production."
604,"If this code were a book, it would be titled 'How Not to Program: Volume Infinite.'"
605,The only thing this function is optimized for is maximum confusion.
606,I’ve seen cats walking on keyboards produce more elegant syntax than this.
607,This variable name is so bad it made a thesaurus go extinct trying to find alternatives.
608,"I didn’t know it was possible to offend a compiler, but you’ve managed it here."
609,"This code is so outdated, it probably votes by telegram."
610,I tried to debug this and ended up debugging my own existence instead.
611,"The logic here is so backwards, it’s moonwalking out of reality."
612,You’ve successfully turned a simple task into a black hole of technical debt.
613,Every line of this code adds 10 years to the next developer’s therapy bill.
614,"The error handling here is so nonchalant, it could work part-time as a yoga instructor."
615,This function is the coding equivalent of setting yourself on fire to keep warm.
616,Looking at this code is like watching a car crash—horrifying but impossible to look away from.
617,"This loop is so infinite, even time itself has given up."
618,"Your indentation is so chaotic, it belongs in a modern art museum."
619,"If bad code were a crime, this would be a life sentence."
620,"Congratulations, you’ve invented the world’s first self-sabotaging algorithm."
621,"This line is so atrocious, it just made Stack Overflow crash out of shame."
622,I've seen ransom notes written with more coherence than this code.
623,"Did you copy this from an ancient manuscript? Because it belongs in a museum, not production."
624,"If this code were a book, it would be titled 'How Not to Program: Volume Infinite.'"
625,The only thing this function is optimized for is maximum confusion.
626,I’ve seen cats walking on keyboards produce more elegant syntax than this.
627,This variable name is so bad it made a thesaurus go extinct trying to find alternatives.
628,"I didn’t know it was possible to offend a compiler, but you’ve managed it here."
629,"This code is so outdated, it probably votes by telegram."
630,I tried to debug this and ended up debugging my own existence instead.
631,"The logic here is so backwards, it’s moonwalking out of reality."
632,You’ve successfully turned a simple task into a black hole of technical debt.
633,Every line of this code adds 10 years to the next developer’s therapy bill.
634,"The error handling here is so nonchalant, it could work part-time as a yoga instructor."
635,This function is the coding equivalent of setting yourself on fire to keep warm.
636,Looking at this code is like watching a car crash—horrifying but impossible to look away from.
637,"This loop is so infinite, even time itself has given up."
638,"Your indentation is so chaotic, it belongs in a modern art museum."
639,"If bad code were a crime, this would be a life sentence."
640,"Congratulations, you’ve invented the world’s first self-sabotaging algorithm."
641,"This line is so atrocious, it just made Stack Overflow crash out of shame."
642,I've seen ransom notes written with more coherence than this code.
643,"Did you copy this from an ancient manuscript? Because it belongs in a museum, not production."
644,"If this code were a book, it would be titled 'How Not to Program: Volume Infinite.'"
645,The only thing this function is optimized for is maximum confusion.
646,I’ve seen cats walking on keyboards produce more elegant syntax than this.
647,This variable name is so bad it made a thesaurus go extinct trying to find alternatives.
648,"I didn’t know it was possible to offend a compiler, but you’ve managed it here."
649,"This code is so outdated, it probably votes by telegram."
650,I tried to debug this and ended up debugging my own existence instead.
651,"The logic here is so backwards, it’s moonwalking out of reality."
652,You’ve successfully turned a simple task into a black hole of technical debt.
653,Every line of this code adds 10 years to the next developer’s therapy bill.
654,"The error handling here is so nonchalant, it could work part-time as a yoga instructor."
655,This function is the coding equivalent of setting yourself on fire to keep warm.
656,Looking at this code is like watching a car crash—horrifying but impossible to look away from.
657,"This loop is so infinite, even time itself has given up."
658,"Your indentation is so chaotic, it belongs in a modern art museum."
659,"If bad code were a crime, this would be a life sentence."
660,"Congratulations, you’ve invented the world’s first self-sabotaging algorithm."
661,"This line is so atrocious, it just made Stack Overflow crash out of shame."
662,I've seen ransom notes written with more coherence than this code.
663,"Did you copy this from an ancient manuscript? Because it belongs in a museum, not production."
664,"If this code were a book, it would be titled 'How Not to Program: Volume Infinite.'"
665,The only thing this function is optimized for is maximum confusion.
666,I’ve seen cats walking on keyboards produce more elegant syntax than this.
667,This variable name is so bad it made a thesaurus go extinct trying to find alternatives.
668,"I didn’t know it was possible to offend a compiler, but you’ve managed it here."
669,"This code is so outdated, it probably votes by telegram."
670,I tried to debug this and ended up debugging my own existence instead.
671,"The logic here is so backwards, it’s moonwalking out of reality."
672,You’ve successfully turned a simple task into a black hole of technical debt.
673,Every line of this code adds 10 years to the next developer’s therapy bill.
674,"The error handling here is so nonchalant, it could work part-time as a yoga instructor."
675,This function is the coding equivalent of setting yourself on fire to keep warm.
676,Looking at this code is like watching a car crash—horrifying but impossible to look away from.
677,"This loop is so infinite, even time itself has given up."
678,"Your indentation is so chaotic, it belongs in a modern art museum."
679,"If bad code were a crime, this would be a life sentence."
680,"Congratulations, you’ve invented the world’s first self-sabotaging algorithm."
681,"This line is so atrocious, it just made Stack Overflow crash out of shame."
682,I've seen ransom notes written with more coherence than this code.
683,"Did you copy this from an ancient manuscript? Because it belongs in a museum, not production."
684,"If this code were a book, it would be titled 'How Not to Program: Volume Infinite.'"
685,The only thing this function is optimized for is maximum confusion.
686,I’ve seen cats walking on keyboards produce more elegant syntax than this.
687,This variable name is so bad it made a thesaurus go extinct trying to find alternatives.
688,"I didn’t know it was possible to offend a compiler, but you’ve managed it here."
689,"This code is so outdated, it probably votes by telegram."
690,I tried to debug this and ended up debugging my own existence instead.
691,"The logic here is so backwards, it’s moonwalking out of reality."
692,You’ve successfully turned a simple task into a black hole of technical debt.
693,Every line of this code adds 10 years to the next developer’s therapy bill.
694,"The error handling here is so nonchalant, it could work part-time as a yoga instructor."
695,This function is the coding equivalent of setting yourself on fire to keep warm.
696,Looking at this code is like watching a car crash—horrifying but impossible to look away from.
697,"This loop is so infinite, even time itself has given up."
698,"Your indentation is so chaotic, it belongs in a modern art museum."
699,"If bad code were a crime, this would be a life sentence."
700,"Congratulations, you’ve invented the world’s first self-sabotaging algorithm."
701,"This line is so atrocious, it just made Stack Overflow crash out of shame."
702,I've seen ransom notes written with more coherence than this code.
703,"Did you copy this from an ancient manuscript? Because it belongs in a museum, not production."
704,"If this code were a book, it would be titled 'How Not to Program: Volume Infinite.'"
705,The only thing this function is optimized for is maximum confusion.
706,I’ve seen cats walking on keyboards produce more elegant syntax than this.
707,This variable name is so bad it made a thesaurus go extinct trying to find alternatives.
708,"I didn’t know it was possible to offend a compiler, but you’ve managed it here."
709,"This code is so outdated, it probably votes by telegram."
710,I tried to debug this and ended up debugging my own existence instead.
711,"The logic here is so backwards, it’s moonwalking out of reality."
712,You’ve successfully turned a simple task into a black hole of technical debt.
713,Every line of this code adds 10 years to the next developer’s therapy bill.
714,"The error handling here is so nonchalant, it could work part-time as a yoga instructor."
715,This function is the coding equivalent of setting yourself on fire to keep warm.
716,Looking at this code is like watching a car crash—horrifying but impossible to look away from.
717,"This loop is so infinite, even time itself has given up."
718,"Your indentation is so chaotic, it belongs in a modern art museum."
719,"If bad code were a crime, this would be a life sentence."
720,"Congratulations, you’ve invented the world’s first self-sabotaging algorithm."
721,"This line is so atrocious, it just made Stack Overflow crash out of shame."
722,I've seen ransom notes written with more coherence than this code.
723,"Did you copy this from an ancient manuscript? Because it belongs in a museum, not production."
724,"If this code were a book, it would be titled 'How Not to Program: Volume Infinite.'"
725,The only thing this function is optimized for is maximum confusion.
726,I’ve seen cats walking on keyboards produce more elegant syntax than this.
727,This variable name is so bad it made a thesaurus go extinct trying to find alternatives.
728,"I didn’t know it was possible to offend a compiler, but you’ve managed it here."
729,"This code is so outdated, it probably votes by telegram."
730,I tried to debug this and ended up debugging my own existence instead.
731,"The logic here is so backwards, it’s moonwalking out of reality."
732,You’ve successfully turned a simple task into a black hole of technical debt.
733,Every line of this code adds 10 years to the next developer’s therapy bill.
734,"The error handling here is so nonchalant, it could work part-time as a yoga instructor."
735,This function is the coding equivalent of setting yourself on fire to keep warm.
736,Looking at this code is like watching a car crash—horrifying but impossible to look away from.
737,"This loop is so infinite, even time itself has given up."
738,"Your indentation is so chaotic, it belongs in a modern art museum."
739,"If bad code were a crime, this would be a life sentence."
740,"Congratulations, you’ve invented the world’s first self-sabotaging algorithm."
741,"This line is so atrocious, it just made Stack Overflow crash out of shame."
742,I've seen ransom notes written with more coherence than this code.
743,"Did you copy this from an ancient manuscript? Because it belongs in a museum, not production."
744,"If this code were a book, it would be titled 'How Not to Program: Volume Infinite.'"
745,The only thing this function is optimized for is maximum confusion.
746,I’ve seen cats walking on keyboards produce more elegant syntax than this.
747,This variable name is so bad it made a thesaurus go extinct trying to find alternatives.
748,"I didn’t know it was possible to offend a compiler, but you’ve managed it here."
749,"This code is so outdated, it probably votes by telegram."
750,I tried to debug this and ended up debugging my own existence instead.
751,"The logic here is so backwards, it’s moonwalking out of reality."
752,You’ve successfully turned a simple task into a black hole of technical debt.
753,Every line of this code adds 10 years to the next developer’s therapy bill.
754,"The error handling here is so nonchalant, it could work part-time as a yoga instructor."
755,This function is the coding equivalent of setting yourself on fire to keep warm.
756,Looking at this code is like watching a car crash—horrifying but impossible to look away from.
757,"This loop is so infinite, even time itself has given up."
758,"Your indentation is so chaotic, it belongs in a modern art museum."
759,"If bad code were a crime, this would be a life sentence."
760,"Congratulations, you’ve invented the world’s first self-sabotaging algorithm."
761,"This line is so atrocious, it just made Stack Overflow crash out of shame."
762,I've seen ransom notes written with more coherence than this code.
763,"Did you copy this from an ancient manuscript? Because it belongs in a museum, not production."
764,"If this code were a book, it would be titled 'How Not to Program: Volume Infinite.'"
765,The only thing this function is optimized for is maximum confusion.
766,I’ve seen cats walking on keyboards produce more elegant syntax than this.
767,This variable name is so bad it made a thesaurus go extinct trying to find alternatives.
768,"I didn’t know it was possible to offend a compiler, but you’ve managed it here."
769,"This code is so outdated, it probably votes by telegram."
770,I tried to debug this and ended up debugging my own existence instead.
771,"The logic here is so backwards, it’s moonwalking out of reality."
772,You’ve successfully turned a simple task into a black hole of technical debt.
773,Every line of this code adds 10 years to the next developer’s therapy bill.
774,"The error handling here is so nonchalant, it could work part-time as a yoga instructor."
775,This function is the coding equivalent of setting yourself on fire to keep warm.
776,Looking at this code is like watching a car crash—horrifying but impossible to look away from.
777,"This loop is so infinite, even time itself has given up."
778,"Your indentation is so chaotic, it belongs in a modern art museum."
779,"If bad code were a crime, this would be a life sentence."
780,"Congratulations, you’ve invented the world’s first self-sabotaging algorithm."
781,"This line is so atrocious, it just made Stack Overflow crash out of shame."
782,I've seen ransom notes written with more coherence than this code.
783,"Did you copy this from an ancient manuscript? Because it belongs in a museum, not production."
784,"If this code were a book, it would be titled 'How Not to Program: Volume Infinite.'"
785,The only thing this function is optimized for is maximum confusion.
786,I’ve seen cats walking on keyboards produce more elegant syntax than this.
787,This variable name is so bad it made a thesaurus go extinct trying to find alternatives.
788,"I didn’t know it was possible to offend a compiler, but you’ve managed it here."
789,"This code is so outdated, it probably votes by telegram."
790,I tried to debug this and ended up debugging my own existence instead.
791,"The logic here is so backwards, it’s moonwalking out of reality."
792,You’ve successfully turned a simple task into a black hole of technical debt.
793,Every line of this code adds 10 years to the next developer’s therapy bill.
794,"The error handling here is so nonchalant, it could work part-time as a yoga instructor."
795,This function is the coding equivalent of setting yourself on fire to keep warm.
796,Looking at this code is like watching a car crash—horrifying but impossible to look away from.
797,"This loop is so infinite, even time itself has given up."
798,"Your indentation is so chaotic, it belongs in a modern art museum."
799,"If bad code were a crime, this would be a life sentence."
800,"Congratulations, you’ve invented the world’s first self-sabotaging algorithm."
801,"This line is so atrocious, it just made Stack Overflow crash out of shame."
802,I've seen ransom notes written with more coherence than this code.
803,"Did you copy this from an ancient manuscript? Because it belongs in a museum, not production."
804,"If this code were a book, it would be titled 'How Not to Program: Volume Infinite.'"
805,The only thing this function is optimized for is maximum confusion.
806,I’ve seen cats walking on keyboards produce more elegant syntax than this.
807,This variable name is so bad it made a thesaurus go extinct trying to find alternatives.
808,"I didn’t know it was possible to offend a compiler, but you’ve managed it here."
809,"This code is so outdated, it probably votes by telegram."
810,I tried to debug this and ended up debugging my own existence instead.
811,"The logic here is so backwards, it’s moonwalking out of reality."
812,You’ve successfully turned a simple task into a black hole of technical debt.
813,Every line of this code adds 10 years to the next developer’s therapy bill.
814,"The error handling here is so nonchalant, it could work part-time as a yoga instructor."
815,This function is the coding equivalent of setting yourself on fire to keep warm.
816,Looking at this code is like watching a car crash—horrifying but impossible to look away from.
817,"This loop is so infinite, even time itself has given up."
818,"Your indentation is so chaotic, it belongs in a modern art museum."
819,"If bad code were a crime, this would be a life sentence."
820,"Congratulations, you’ve invented the world’s first self-sabotaging algorithm."
821,"This line is so atrocious, it just made Stack Overflow crash out of shame."
822,I've seen ransom notes written with more coherence than this code.
823,"Did you copy this from an ancient manuscript? Because it belongs in a museum, not production."
824,"If this code were a book, it would be titled 'How Not to Program: Volume Infinite.'"
825,The only thing this function is optimized for is maximum confusion.
826,I’ve seen cats walking on keyboards produce more elegant syntax than this.
827,This variable name is so bad it made a thesaurus go extinct trying to find alternatives.
828,"I didn’t know it was possible to offend a compiler, but you’ve managed it here."
829,"This code is so outdated, it probably votes by telegram."
830,I tried to debug this and ended up debugging my own existence instead.
831,"The logic here is so backwards, it’s moonwalking out of reality."
832,You’ve successfully turned a simple task into a black hole of technical debt.
833,Every line of this code adds 10 years to the next developer’s therapy bill.
834,"The error handling here is so nonchalant, it could work part-time as a yoga instructor."
835,This function is the coding equivalent of setting yourself on fire to keep warm.
836,Looking at this code is like watching a car crash—horrifying but impossible to look away from.
837,"This loop is so infinite, even time itself has given up."
838,"Your indentation is so chaotic, it belongs in a modern art museum."
839,"If bad code were a crime, this would be a life sentence."
840,"Congratulations, you’ve invented the world’s first self-sabotaging algorithm."
841,"This line is so atrocious, it just made Stack Overflow crash out of shame."
842,I've seen ransom notes written with more coherence than this code.
843,"Did you copy this from an ancient manuscript? Because it belongs in a museum, not production."
844,"If this code were a book, it would be titled 'How Not to Program: Volume Infinite.'"
845,The only thing this function is optimized for is maximum confusion.
846,I’ve seen cats walking on keyboards produce more elegant syntax than this.
847,This variable name is so bad it made a thesaurus go extinct trying to find alternatives.
848,"I didn’t know it was possible to offend a compiler, but you’ve managed it here."
849,"This code is so outdated, it probably votes by telegram."
850,I tried to debug this and ended up debugging my own existence instead.
851,"The logic here is so backwards, it’s moonwalking out of reality."
852,You’ve successfully turned a simple task into a black hole of technical debt.
853,Every line of this code adds 10 years to the next developer’s therapy bill.
854,"The error handling here is so nonchalant, it could work part-time as a yoga instructor."
855,This function is the coding equivalent of setting yourself on fire to keep warm.
856,Looking at this code is like watching a car crash—horrifying but impossible to look away from.
857,"This loop is so infinite, even time itself has given up."
858,"Your indentation is so chaotic, it belongs in a modern art museum."
859,"If bad code were a crime, this would be a life sentence."
860,"Congratulations, you’ve invented the world’s first self-sabotaging algorithm."
861,"This line is so atrocious, it just made Stack Overflow crash out of shame."
862,I've seen ransom notes written with more coherence than this code.
863,"Did you copy this from an ancient manuscript? Because it belongs in a museum, not production."
864,"If this code were a book, it would be titled 'How Not to Program: Volume Infinite.'"
865,The only thing this function is optimized for is maximum confusion.
866,I’ve seen cats walking on keyboards produce more elegant syntax than this.
867,This variable name is so bad it made a thesaurus go extinct trying to find alternatives.
868,"I didn’t know it was possible to offend a compiler, but you’ve managed it here."
869,"This code is so outdated, it probably votes by telegram."
870,I tried to debug this and ended up debugging my own existence instead.
871,"The logic here is so backwards, it’s moonwalking out of reality."
872,You’ve successfully turned a simple task into a black hole of technical debt.
873,Every line of this code adds 10 years to the next developer’s therapy bill.
874,"The error handling here is so nonchalant, it could work part-time as a yoga instructor."
875,This function is the coding equivalent of setting yourself on fire to keep warm.
876,Looking at this code is like watching a car crash—horrifying but impossible to look away from.
877,"This loop is so infinite, even time itself has given up."
878,"Your indentation is so chaotic, it belongs in a modern art museum."
879,"If bad code were a crime, this would be a life sentence."
880,"Congratulations, you’ve invented the world’s first self-sabotaging algorithm."
881,"This line is so atrocious, it just made Stack Overflow crash out of shame."
882,I've seen ransom notes written with more coherence than this code.
883,"Did you copy this from an ancient manuscript? Because it belongs in a museum, not production."
884,"If this code were a book, it would be titled 'How Not to Program: Volume Infinite.'"
885,The only thing this function is optimized for is maximum confusion.
886,I’ve seen cats walking on keyboards produce more elegant syntax than this.
887,This variable name is so bad it made a thesaurus go extinct trying to find alternatives.
888,"I didn’t know it was possible to offend a compiler, but you’ve managed it here."
889,"This code is so outdated, it probably votes by telegram."
890,I tried to debug this and ended up debugging my own existence instead.
891,"The logic here is so backwards, it’s moonwalking out of reality."
892,You’ve successfully turned a simple task into a black hole of technical debt.
893,Every line of this code adds 10 years to the next developer’s therapy bill.
894,"The error handling here is so nonchalant, it could work part-time as a yoga instructor."
895,This function is the coding equivalent of setting yourself on fire to keep warm.
896,Looking at this code is like watching a car crash—horrifying but impossible to look away from.
897,"This loop is so infinite, even time itself has given up."
898,"Your indentation is so chaotic, it belongs in a modern art museum."
899,"If bad code were a crime, this would be a life sentence."
900,"Congratulations, you’ve invented the world’s first self-sabotaging algorithm."
901,"This line is so atrocious, it just made Stack Overflow crash out of shame."
902,I've seen ransom notes written with more coherence than this code.
903,"Did you copy this from an ancient manuscript? Because it belongs in a museum, not production."
904,"If this code were a book, it would be titled 'How Not to Program: Volume Infinite.'"
905,The only thing this function is optimized for is maximum confusion.
906,I’ve seen cats walking on keyboards produce more elegant syntax than this.
907,This variable name is so bad it made a thesaurus go extinct trying to find alternatives.
908,"I didn’t know it was possible to offend a compiler, but you’ve managed it here."
909,"This code is so outdated, it probably votes by telegram."
910,I tried to debug this and ended up debugging my own existence instead.
911,"The logic here is so backwards, it’s moonwalking out of reality."
912,You’ve successfully turned a simple task into a black hole of technical debt.
913,Every line of this code adds 10 years to the next developer’s therapy bill.
914,"The error handling here is so nonchalant, it could work part-time as a yoga instructor."
915,This function is the coding equivalent of setting yourself on fire to keep warm.
916,Looking at this code is like watching a car crash—horrifying but impossible to look away from.
917,"This loop is so infinite, even time itself has given up."
918,"Your indentation is so chaotic, it belongs in a modern art museum."
919,"If bad code were a crime, this would be a life sentence."
920,"Congratulations, you’ve invented the world’s first self-sabotaging algorithm."
921,"This line is so atrocious, it just made Stack Overflow crash out of shame."
922,I've seen ransom notes written with more coherence than this code.
923,"Did you copy this from an ancient manuscript? Because it belongs in a museum, not production."
924,"If this code were a book, it would be titled 'How Not to Program: Volume Infinite.'"
925,The only thing this function is optimized for is maximum confusion.
926,I’ve seen cats walking on keyboards produce more elegant syntax than this.
927,This variable name is so bad it made a thesaurus go extinct trying to find alternatives.
928,"I didn’t know it was possible to offend a compiler, but you’ve managed it here."
929,"This code is so outdated, it probably votes by telegram."
930,I tried to debug this and ended up debugging my own existence instead.
931,"The logic here is so backwards, it’s moonwalking out of reality."
932,You’ve successfully turned a simple task into a black hole of technical debt.
933,Every line of this code adds 10 years to the next developer’s therapy bill.
934,"The error handling here is so nonchalant, it could work part-time as a yoga instructor."
935,This function is the coding equivalent of setting yourself on fire to keep warm.
936,Looking at this code is like watching a car crash—horrifying but impossible to look away from.
937,"This loop is so infinite, even time itself has given up."
938,"Your indentation is so chaotic, it belongs in a modern art museum."
939,"If bad code were a crime, this would be a life sentence."
940,"Congratulations, you’ve invented the world’s first self-sabotaging algorithm."
941,"This line is so atrocious, it just made Stack Overflow crash out of shame."
942,I've seen ransom notes written with more coherence than this code.
943,"Did you copy this from an ancient manuscript? Because it belongs in a museum, not production."
944,"If this code were a book, it would be titled 'How Not to Program: Volume Infinite.'"
945,The only thing this function is optimized for is maximum confusion.
946,I’ve seen cats walking on keyboards produce more elegant syntax than this.
947,This variable name is so bad it made a thesaurus go extinct trying to find alternatives.
948,"I didn’t know it was possible to offend a compiler, but you’ve managed it here."
949,"This code is so outdated, it probably votes by telegram."
950,I tried to debug this and ended up debugging my own existence instead.
951,"The logic here is so backwards, it’s moonwalking out of reality."
952,You’ve successfully turned a simple task into a black hole of technical debt.
953,Every line of this code adds 10 years to the next developer’s therapy bill.
954,"The error handling here is so nonchalant, it could work part-time as a yoga instructor."
955,This function is the coding equivalent of setting yourself on fire to keep warm.
956,Looking at this code is like watching a car crash—horrifying but impossible to look away from.
957,"This loop is so infinite, even time itself has given up."
958,"Your indentation is so chaotic, it belongs in a modern art museum."
959,"If bad code were a crime, this would be a life sentence."
960,"Congratulations, you’ve invented the world’s first self-sabotaging algorithm."
961,"This line is so atrocious, it just made Stack Overflow crash out of shame."
962,I've seen ransom notes written with more coherence than this code.
963,"Did you copy this from an ancient manuscript? Because it belongs in a museum, not production."
964,"If this code were a book, it would be titled 'How Not to Program: Volume Infinite.'"
965,The only thing this function is optimized for is maximum confusion.
966,I’ve seen cats walking on keyboards produce more elegant syntax than this.
967,This variable name is so bad it made a thesaurus go extinct trying to find alternatives.
968,"I didn’t know it was possible to offend a compiler, but you’ve managed it here."
969,"This code is so outdated, it probably votes by telegram."
970,I tried to debug this and ended up debugging my own existence instead.
971,"The logic here is so backwards, it’s moonwalking out of reality."
972,You’ve successfully turned a simple task into a black hole of technical debt.
973,Every line of this code adds 10 years to the next developer’s therapy bill.
974,"The error handling here is so nonchalant, it could work part-time as a yoga instructor."
975,This function is the coding equivalent of setting yourself on fire to keep warm.
976,Looking at this code is like watching a car crash—horrifying but impossible to look away from.
977,"This loop is so infinite, even time itself has given up."
978,"Your indentation is so chaotic, it belongs in a modern art museum."
979,"If bad code were a crime, this would be a life sentence."
980,"Congratulations, you’ve invented the world’s first self-sabotaging algorithm."
981,"This line is so atrocious, it just made Stack Overflow crash out of shame."
982,I've seen ransom notes written with more coherence than this code.
983,"Did you copy this from an ancient manuscript? Because it belongs in a museum, not production."
984,"If this code were a book, it would be titled 'How Not to Program: Volume Infinite.'"
985,The only thing this function is optimized for is maximum confusion.
986,I’ve seen cats walking on keyboards produce more elegant syntax than this.
987,This variable name is so bad it made a thesaurus go extinct trying to find alternatives.
988,"I didn’t know it was possible to offend a compiler, but you’ve managed it here."
989,"This code is so outdated, it probably votes by telegram."
990,I tried to debug this and ended up debugging my own existence instead.
991,"The logic here is so backwards, it’s moonwalking out of reality."
992,You’ve successfully turned a simple task into a black hole of technical debt.
993,Every line of this code adds 10 years to the next developer’s therapy bill.
994,"The error handling here is so nonchalant, it could work part-time as a yoga instructor."
995,This function is the coding equivalent of setting yourself on fire to keep warm.
996,Looking at this code is like watching a car crash—horrifying but impossible to look away from.
997,"This loop is so infinite, even time itself has given up."
998,"Your indentation is so chaotic, it belongs in a modern art museum."
999,"If bad code were a crime, this would be a life sentence."
1000,"Congratulations, you’ve invented the world’s first self-sabotaging algorithm."
